<?xml version="1.0"?>
<!--Phoronix Test Suite v5.8.0 (Belev)-->
<?xml-stylesheet type="text/xsl" href="pts-results-viewer.xsl"?>
<PhoronixTestSuite>
  <Generated>
    <Title>ptstiobench-30102015</Title>
    <LastModified>2015-11-06 09:29:03</LastModified>
    <TestClient>Phoronix Test Suite v5.8.0 (Belev)</TestClient>
    <Description>KVM testing on Debian 8.2 via the Phoronix Test Suite.</Description>
    <Notes></Notes>
    <InternalTags></InternalTags>
    <ReferenceID></ReferenceID>
    <PreSetEnvironmentVariables></PreSetEnvironmentVariables>
  </Generated>
  <System>
    <Identifier>ptsdisk</Identifier>
    <Hardware>Processor: 24 x Intel Core 2 Duo P9xxx (Penryn Class Core 2) @ 2.39GHz (24 Cores), Motherboard: OpenStack Foundation Nova v2014.2.3, Chipset: Intel 440FX- 82441FX PMC, Memory: 65536MB, Disk: 157GB, Graphics: Cirrus Logic GD 5446, Network: Red Hat Virtio device</Hardware>
    <Software>OS: Debian 8.2, Kernel: 3.16.0-4-amd64 (x86_64), Compiler: GCC 4.9.2, File-System: ext4, System Layer: KVM</Software>
    <User>cecad</User>
    <TimeStamp>2015-11-05 18:12:15</TimeStamp>
    <TestClientVersion>5.8.0</TestClientVersion>
    <Notes>Python 2.7.9.</Notes>
    <JSON>{"compiler-configuration":"--build=x86_64-linux-gnu --disable-browser-plugin --disable-vtable-verify --enable-checking=release --enable-clocale=gnu --enable-gnu-unique-object --enable-gtk-cairo --enable-java-awt=gtk --enable-java-home --enable-languages=c,c++,java,go,d,fortran,objc,obj-c++ --enable-libstdcxx-debug --enable-libstdcxx-time=yes --enable-multiarch --enable-multilib --enable-nls --enable-objc-gc --enable-plugin --enable-shared --enable-threads=posix --host=x86_64-linux-gnu --target=x86_64-linux-gnu --with-abi=m64 --with-arch-32=i586 --with-arch-directory=amd64 --with-multilib-list=m32,m64,mx32 --with-tune=generic -v","disk-mount-options":"data=ordered,errors=remount-ro,relatime,rw"}</JSON>
  </System>
  <System>
    <Identifier>ptscpu</Identifier>
    <Hardware>Processor: 24 x Intel Core 2 Duo P9xxx (Penryn Class Core 2) @ 2.39GHz (24 Cores), Motherboard: OpenStack Foundation Nova v2014.2.3, Chipset: Intel 440FX- 82441FX PMC, Memory: 65536MB, Disk: 157GB, Graphics: Cirrus Logic GD 5446, Network: Red Hat Virtio device</Hardware>
    <Software>OS: Debian 8.2, Kernel: 3.16.0-4-amd64 (x86_64), Compiler: GCC 4.9.2, File-System: ext4, System Layer: KVM</Software>
    <User>cecad</User>
    <TimeStamp>2015-11-05 16:20:51</TimeStamp>
    <TestClientVersion>5.8.0</TestClientVersion>
    <Notes></Notes>
    <JSON>{"compiler-configuration":"--build=x86_64-linux-gnu --disable-browser-plugin --disable-vtable-verify --enable-checking=release --enable-clocale=gnu --enable-gnu-unique-object --enable-gtk-cairo --enable-java-awt=gtk --enable-java-home --enable-languages=c,c++,java,go,d,fortran,objc,obj-c++ --enable-libstdcxx-debug --enable-libstdcxx-time=yes --enable-multiarch --enable-multilib --enable-nls --enable-objc-gc --enable-plugin --enable-shared --enable-threads=posix --host=x86_64-linux-gnu --target=x86_64-linux-gnu --with-abi=m64 --with-arch-32=i586 --with-arch-directory=amd64 --with-multilib-list=m32,m64,mx32 --with-tune=generic -v"}</JSON>
  </System>
  <System>
    <Identifier>24 x Intel Core 2 Duo P9xxx (Penryn Class Core 2) -</Identifier>
    <Hardware>Processor: 24 x Intel Core 2 Duo P9xxx (Penryn Class Core 2) @ 2.39GHz (24 Cores), Motherboard: OpenStack Foundation Nova v2014.2.3, Chipset: Intel 440FX- 82441FX PMC, Memory: 65536MB, Disk: 157GB, Graphics: Cirrus Logic GD 5446, Network: Red Hat Virtio device</Hardware>
    <Software>OS: Debian 8.2, Kernel: 3.16.0-4-amd64 (x86_64), Compiler: GCC 4.9.2, File-System: ext4, System Layer: KVM</Software>
    <User>cecad</User>
    <TimeStamp>2015-10-30 19:42:47</TimeStamp>
    <TestClientVersion>5.8.0</TestClientVersion>
    <Notes></Notes>
    <JSON>{"compiler-configuration":"--build=x86_64-linux-gnu --disable-browser-plugin --disable-vtable-verify --enable-checking=release --enable-clocale=gnu --enable-gnu-unique-object --enable-gtk-cairo --enable-java-awt=gtk --enable-java-home --enable-languages=c,c++,java,go,d,fortran,objc,obj-c++ --enable-libstdcxx-debug --enable-libstdcxx-time=yes --enable-multiarch --enable-multilib --enable-nls --enable-objc-gc --enable-plugin --enable-shared --enable-threads=posix --host=x86_64-linux-gnu --target=x86_64-linux-gnu --with-abi=m64 --with-arch-32=i586 --with-arch-directory=amd64 --with-multilib-list=m32,m64,mx32 --with-tune=generic -v","disk-mount-options":"data=ordered,errors=remount-ro,relatime,rw"}</JSON>
  </System>
  <Result>
    <Identifier>pts/aio-stress-1.1.1</Identifier>
    <Title>AIO-Stress</Title>
    <AppVersion>0.21</AppVersion>
    <Arguments>-o 2</Arguments>
    <Description>Random Write</Description>
    <Scale>MB/s</Scale>
    <Proportion>HIB</Proportion>
    <DisplayFormat>BAR_GRAPH</DisplayFormat>
    <Data>
      <Entry>
        <Identifier>ptsdisk</Identifier>
        <Value>715.67</Value>
        <RawString>701.97:722.26:722.79</RawString>
        <JSON>{"compiler-options":{"compiler-type":"CC","compiler":"gcc","compiler-options":"-pthread -laio"}}</JSON>
      </Entry>
    </Data>
  </Result>
  <Result>
    <Identifier>pts/sqlite-1.9.0</Identifier>
    <Title>SQLite</Title>
    <AppVersion>3.8.10.2</AppVersion>
    <Arguments></Arguments>
    <Description>Timed SQLite Insertions</Description>
    <Scale>Seconds</Scale>
    <Proportion>LIB</Proportion>
    <DisplayFormat>BAR_GRAPH</DisplayFormat>
    <Data>
      <Entry>
        <Identifier>ptsdisk</Identifier>
        <Value>81.92</Value>
        <RawString>82.070458889008:81.695306062698:82.008740901947</RawString>
        <JSON>{"compiler-options":{"compiler-type":"CC","compiler":"gcc","compiler-options":"-O2 -ldl -lpthread"}}</JSON>
      </Entry>
    </Data>
  </Result>
  <Result>
    <Identifier>pts/fs-mark-1.0.1</Identifier>
    <Title>FS-Mark</Title>
    <AppVersion>3.3</AppVersion>
    <Arguments>-s 1048576 -n 1000</Arguments>
    <Description>1000 Files, 1MB Size</Description>
    <Scale>Files/s</Scale>
    <Proportion>HIB</Proportion>
    <DisplayFormat>BAR_GRAPH</DisplayFormat>
    <Data>
      <Entry>
        <Identifier>ptsdisk</Identifier>
        <Value>15.35</Value>
        <RawString>16.6:15.9:15.4:16.6:14.1:13.5</RawString>
        <JSON>{"compiler-options":{"compiler-type":"CC","compiler":"gcc","compiler-options":"-static"}}</JSON>
      </Entry>
    </Data>
  </Result>
  <Result>
    <Identifier>pts/dbench-1.0.0</Identifier>
    <Title>Dbench</Title>
    <AppVersion>4.0</AppVersion>
    <Arguments>12</Arguments>
    <Description>12 Clients</Description>
    <Scale>MB/s</Scale>
    <Proportion>HIB</Proportion>
    <DisplayFormat>BAR_GRAPH</DisplayFormat>
    <Data>
      <Entry>
        <Identifier>ptsdisk</Identifier>
        <Value>55.82</Value>
        <RawString>57.2613:54.3085:55.8962</RawString>
        <JSON>{"compiler-options":{"compiler-type":"CC","compiler":"gcc","compiler-options":"-lpopt -O2"}}</JSON>
      </Entry>
    </Data>
  </Result>
  <Result>
    <Identifier>pts/dbench-1.0.0</Identifier>
    <Title>Dbench</Title>
    <AppVersion>4.0</AppVersion>
    <Arguments>48</Arguments>
    <Description>48 Clients</Description>
    <Scale>MB/s</Scale>
    <Proportion>HIB</Proportion>
    <DisplayFormat>BAR_GRAPH</DisplayFormat>
    <Data>
      <Entry>
        <Identifier>ptsdisk</Identifier>
        <Value>127.20</Value>
        <RawString>79.6449:120.182:104.108:182.64:181.185:95.4287</RawString>
        <JSON>{"compiler-options":{"compiler-type":"CC","compiler":"gcc","compiler-options":"-lpopt -O2"}}</JSON>
      </Entry>
    </Data>
  </Result>
  <Result>
    <Identifier>pts/dbench-1.0.0</Identifier>
    <Title>Dbench</Title>
    <AppVersion>4.0</AppVersion>
    <Arguments>128</Arguments>
    <Description>128 Clients</Description>
    <Scale>MB/s</Scale>
    <Proportion>HIB</Proportion>
    <DisplayFormat>BAR_GRAPH</DisplayFormat>
    <Data>
      <Entry>
        <Identifier>ptsdisk</Identifier>
        <Value>129.97</Value>
        <RawString>128.048:110.439:120.625:144.362:136.646:139.673</RawString>
        <JSON>{"compiler-options":{"compiler-type":"CC","compiler":"gcc","compiler-options":"-lpopt -O2"}}</JSON>
      </Entry>
    </Data>
  </Result>
  <Result>
    <Identifier>pts/dbench-1.0.0</Identifier>
    <Title>Dbench</Title>
    <AppVersion>4.0</AppVersion>
    <Arguments>1</Arguments>
    <Description>1 Clients</Description>
    <Scale>MB/s</Scale>
    <Proportion>HIB</Proportion>
    <DisplayFormat>BAR_GRAPH</DisplayFormat>
    <Data>
      <Entry>
        <Identifier>ptsdisk</Identifier>
        <Value>63.05</Value>
        <RawString>63.3147:62.8054:63.0257</RawString>
        <JSON>{"compiler-options":{"compiler-type":"CC","compiler":"gcc","compiler-options":"-lpopt -O2"}}</JSON>
      </Entry>
    </Data>
  </Result>
  <Result>
    <Identifier>pts/iozone-1.8.0</Identifier>
    <Title>IOzone</Title>
    <AppVersion>3.405</AppVersion>
    <Arguments>-r 4k -s 8192M -i0 -i1</Arguments>
    <Description>8GB Read Performance</Description>
    <Scale>MB/s</Scale>
    <Proportion>HIB</Proportion>
    <DisplayFormat>BAR_GRAPH</DisplayFormat>
    <Data>
      <Entry>
        <Identifier>ptsdisk</Identifier>
        <Value>1554.49</Value>
        <RawString>1571.2978515625:1551.6767578125:1540.4970703125</RawString>
        <JSON>{"compiler-options":{"compiler-type":"CC","compiler":"gcc","compiler-options":"-O3"}}</JSON>
      </Entry>
    </Data>
  </Result>
  <Result>
    <Identifier>pts/iozone-1.8.0</Identifier>
    <Title>IOzone</Title>
    <AppVersion>3.405</AppVersion>
    <Arguments>-r 4k -s 8192M -i0</Arguments>
    <Description>8GB Write Performance</Description>
    <Scale>MB/s</Scale>
    <Proportion>HIB</Proportion>
    <DisplayFormat>BAR_GRAPH</DisplayFormat>
    <Data>
      <Entry>
        <Identifier>ptsdisk</Identifier>
        <Value>22.38</Value>
        <RawString>20.9521484375:24.03125:23.9609375:20.865234375:20.7880859375:23.6826171875</RawString>
        <JSON>{"compiler-options":{"compiler-type":"CC","compiler":"gcc","compiler-options":"-O3"}}</JSON>
      </Entry>
    </Data>
  </Result>
  <Result>
    <Identifier>pts/tiobench-1.2.0</Identifier>
    <Title>Threaded I/O Tester</Title>
    <AppVersion>0.3.3</AppVersion>
    <Arguments>-k2 -k1 -f 64 -t 32</Arguments>
    <Description>64MB Random Read - 32 Threads</Description>
    <Scale>MB/s</Scale>
    <Proportion>HIB</Proportion>
    <DisplayFormat>BAR_GRAPH</DisplayFormat>
    <Data>
      <Entry>
        <Identifier>ptsdisk</Identifier>
        <Value>1742.66</Value>
        <RawString>1929.221:949.321:1949.683:1796.881:1927.822:1903.022</RawString>
      </Entry>
    </Data>
  </Result>
  <Result>
    <Identifier>pts/tiobench-1.2.0</Identifier>
    <Title>Threaded I/O Tester</Title>
    <AppVersion>0.3.3</AppVersion>
    <Arguments>-k3 -k2 -f 64 -t 32</Arguments>
    <Description>64MB Random Write - 32 Threads</Description>
    <Scale>MB/s</Scale>
    <Proportion>HIB</Proportion>
    <DisplayFormat>BAR_GRAPH</DisplayFormat>
    <Data>
      <Entry>
        <Identifier>ptsdisk</Identifier>
        <Value>1.70</Value>
        <RawString>1.952:1.861:1.997:1.039:1.334:2.042</RawString>
      </Entry>
    </Data>
  </Result>
  <Result>
    <Identifier>pts/compilebench-1.0.1</Identifier>
    <Title>Compile Bench</Title>
    <AppVersion>0.6</AppVersion>
    <Arguments>COMPILE</Arguments>
    <Description>Test: Compile</Description>
    <Scale>MB/s</Scale>
    <Proportion>HIB</Proportion>
    <DisplayFormat>BAR_GRAPH</DisplayFormat>
    <Data>
      <Entry>
        <Identifier>ptsdisk</Identifier>
        <Value>369.01</Value>
        <RawString>152.24:419.44:412.44:394.11:427.68:408.12</RawString>
      </Entry>
    </Data>
  </Result>
  <Result>
    <Identifier>pts/compilebench-1.0.1</Identifier>
    <Title>Compile Bench</Title>
    <AppVersion>0.6</AppVersion>
    <Arguments>INITIAL_CREATE</Arguments>
    <Description>Test: Initial Create</Description>
    <Scale>MB/s</Scale>
    <Proportion>HIB</Proportion>
    <DisplayFormat>BAR_GRAPH</DisplayFormat>
    <Data>
      <Entry>
        <Identifier>ptsdisk</Identifier>
        <Value>60.39</Value>
        <RawString>51.48:68.81:60.89</RawString>
      </Entry>
    </Data>
  </Result>
  <Result>
    <Identifier>pts/compilebench-1.0.1</Identifier>
    <Title>Compile Bench</Title>
    <AppVersion>0.6</AppVersion>
    <Arguments>READ_COMPILED_TREE</Arguments>
    <Description>Test: Read Compiled Tree</Description>
    <Scale>MB/s</Scale>
    <Proportion>HIB</Proportion>
    <DisplayFormat>BAR_GRAPH</DisplayFormat>
    <Data>
      <Entry>
        <Identifier>ptsdisk</Identifier>
        <Value>625.98</Value>
        <RawString>631.13:627.73:619.09</RawString>
      </Entry>
    </Data>
  </Result>
  <Result>
    <Identifier>pts/unpack-linux-1.0.0</Identifier>
    <Title>Unpacking The Linux Kernel</Title>
    <AppVersion></AppVersion>
    <Arguments></Arguments>
    <Description>linux-2.6.32.tar.bz2</Description>
    <Scale>Seconds</Scale>
    <Proportion>LIB</Proportion>
    <DisplayFormat>BAR_GRAPH</DisplayFormat>
    <Data>
      <Entry>
        <Identifier>ptsdisk</Identifier>
        <Value>17.81</Value>
        <RawString>17.481461048126:18.11355304718:17.326441049576:18.327110052109</RawString>
      </Entry>
    </Data>
  </Result>
  <Result>
    <Identifier>pts/postmark-1.1.0</Identifier>
    <Title>PostMark</Title>
    <AppVersion>1.51</AppVersion>
    <Arguments></Arguments>
    <Description>Disk Transaction Performance</Description>
    <Scale>TPS</Scale>
    <Proportion>HIB</Proportion>
    <DisplayFormat>BAR_GRAPH</DisplayFormat>
    <Data>
      <Entry>
        <Identifier>ptsdisk</Identifier>
        <Value>1237</Value>
        <RawString>1250:1179:1269:1250</RawString>
        <JSON>{"compiler-options":{"compiler-type":"CC","compiler":"gcc","compiler-options":"-O3"}}</JSON>
      </Entry>
    </Data>
  </Result>
  <Result>
    <Identifier>pts/compress-gzip-1.1.0</Identifier>
    <Title>Gzip Compression</Title>
    <AppVersion></AppVersion>
    <Arguments></Arguments>
    <Description>2GB File Compression</Description>
    <Scale>Seconds</Scale>
    <Proportion>LIB</Proportion>
    <DisplayFormat>BAR_GRAPH</DisplayFormat>
    <Data>
      <Entry>
        <Identifier>ptsdisk</Identifier>
        <Value>25.71</Value>
        <RawString>25.698707103729:25.735960006714:25.681905984879</RawString>
      </Entry>
    </Data>
  </Result>
  <Result>
    <Identifier>pts/apache-1.6.1</Identifier>
    <Title>Apache Benchmark</Title>
    <AppVersion>2.4.7</AppVersion>
    <Arguments></Arguments>
    <Description>Static Web Page Serving</Description>
    <Scale>Requests Per Second</Scale>
    <Proportion>HIB</Proportion>
    <DisplayFormat>BAR_GRAPH</DisplayFormat>
    <Data>
      <Entry>
        <Identifier>ptsdisk</Identifier>
        <Value>3931.54</Value>
        <RawString>3950.32:3907.1:3937.21</RawString>
        <JSON>{"compiler-options":{"compiler-type":"CC","compiler":"gcc","compiler-options":"-shared -fPIC -O2 -pthread"}}</JSON>
      </Entry>
      <Entry>
        <Identifier>ptscpu</Identifier>
        <Value>3471.00</Value>
        <RawString>3475.3:3400.36:3537.35</RawString>
        <JSON>{"compiler-options":{"compiler-type":"CC","compiler":"gcc","compiler-options":"-shared -fPIC -O2 -pthread"}}</JSON>
      </Entry>
    </Data>
  </Result>
  <Result>
    <Identifier>pts/stream-1.2.0</Identifier>
    <Title>Stream</Title>
    <AppVersion>2013-01-17</AppVersion>
    <Arguments>Copy</Arguments>
    <Description>Type: Copy</Description>
    <Scale>MB/s</Scale>
    <Proportion>HIB</Proportion>
    <DisplayFormat>BAR_GRAPH</DisplayFormat>
    <Data>
      <Entry>
        <Identifier>ptscpu</Identifier>
        <Value>7619.74</Value>
        <RawString>7728.8:7677.1:7121.2:7677.9:7738.1:6826.8:7732.5:7738.8:7690.8:7738.4:7735.8:7725.7:7580.4:7732.9:7732.1:7738.5</RawString>
        <JSON>{"compiler-options":{"compiler-type":"CC","compiler":"gcc","compiler-options":"-O3 -march=native -fopenmp"}}</JSON>
      </Entry>
    </Data>
  </Result>
  <Result>
    <Identifier>pts/stream-1.2.0</Identifier>
    <Title>Stream</Title>
    <AppVersion>2013-01-17</AppVersion>
    <Arguments>Scale</Arguments>
    <Description>Type: Scale</Description>
    <Scale>MB/s</Scale>
    <Proportion>HIB</Proportion>
    <DisplayFormat>BAR_GRAPH</DisplayFormat>
    <Data>
      <Entry>
        <Identifier>ptscpu</Identifier>
        <Value>7547.20</Value>
        <RawString>7649.3:7634.7:7080.9:7612.9:7565.7:7637.2:7649.7</RawString>
        <JSON>{"compiler-options":{"compiler-type":"CC","compiler":"gcc","compiler-options":"-O3 -march=native -fopenmp"}}</JSON>
      </Entry>
    </Data>
  </Result>
  <Result>
    <Identifier>pts/stream-1.2.0</Identifier>
    <Title>Stream</Title>
    <AppVersion>2013-01-17</AppVersion>
    <Arguments>Triad</Arguments>
    <Description>Type: Triad</Description>
    <Scale>MB/s</Scale>
    <Proportion>HIB</Proportion>
    <DisplayFormat>BAR_GRAPH</DisplayFormat>
    <Data>
      <Entry>
        <Identifier>ptscpu</Identifier>
        <Value>7803.50</Value>
        <RawString>8043.7:8036.2:7999.8:7547.7:8017.7:7469.4:8024.9:6854.4:8023.5:8017.7</RawString>
        <JSON>{"compiler-options":{"compiler-type":"CC","compiler":"gcc","compiler-options":"-O3 -march=native -fopenmp"}}</JSON>
      </Entry>
    </Data>
  </Result>
  <Result>
    <Identifier>pts/stream-1.2.0</Identifier>
    <Title>Stream</Title>
    <AppVersion>2013-01-17</AppVersion>
    <Arguments>Add</Arguments>
    <Description>Type: Add</Description>
    <Scale>MB/s</Scale>
    <Proportion>HIB</Proportion>
    <DisplayFormat>BAR_GRAPH</DisplayFormat>
    <Data>
      <Entry>
        <Identifier>ptscpu</Identifier>
        <Value>7772.52</Value>
        <RawString>7941.8:7887.2:7939.4:7399.2:7947.8:7716.6:7894.2:7130.1:7942.8:7926.1</RawString>
        <JSON>{"compiler-options":{"compiler-type":"CC","compiler":"gcc","compiler-options":"-O3 -march=native -fopenmp"}}</JSON>
      </Entry>
    </Data>
  </Result>
  <Result>
    <Identifier>pts/npb-1.2.1</Identifier>
    <Title>NAS Parallel Benchmarks</Title>
    <AppVersion>3.3</AppVersion>
    <Arguments>lu.A</Arguments>
    <Description>Test / Class: LU.A</Description>
    <Scale>Total Mop/s</Scale>
    <Proportion>HIB</Proportion>
    <DisplayFormat>BAR_GRAPH</DisplayFormat>
    <Data>
      <Entry>
        <Identifier>ptscpu</Identifier>
        <Value>10548.23</Value>
        <RawString>9373.31:11123.01:10609.86:10376.75:10304.62:11501.82</RawString>
        <JSON>{"compiler-options":{"compiler-type":"F9X","compiler":"gfortran","compiler-options":"-O3 -march=native -pthread -lmpi_f77 -lmpi -ldl -lhwloc"},"install-footnote":"Open MPI 1.6.5"}</JSON>
      </Entry>
    </Data>
  </Result>
  <Result>
    <Identifier>pts/mafft-1.4.0</Identifier>
    <Title>Timed MAFFT Alignment</Title>
    <AppVersion>6.864</AppVersion>
    <Arguments></Arguments>
    <Description>Multiple Sequence Alignment</Description>
    <Scale>Seconds</Scale>
    <Proportion>LIB</Proportion>
    <DisplayFormat>BAR_GRAPH</DisplayFormat>
    <Data>
      <Entry>
        <Identifier>ptscpu</Identifier>
        <Value>23.09</Value>
        <RawString>22.886260986328:23.028705120087:21.427989959717:23.108921051025:23.798650979996:24.26447892189</RawString>
        <JSON>{"compiler-options":{"compiler-type":"CC","compiler":"gcc","compiler-options":"-O3 -lm -lpthread"}}</JSON>
      </Entry>
    </Data>
  </Result>
  <Result>
    <Identifier>pts/gcrypt-1.0.3</Identifier>
    <Title>Gcrypt Library</Title>
    <AppVersion>1.4.4</AppVersion>
    <Arguments></Arguments>
    <Description>CAMELLIA256-ECB Cipher</Description>
    <Scale>Microseconds</Scale>
    <Proportion>LIB</Proportion>
    <DisplayFormat>BAR_GRAPH</DisplayFormat>
    <Data>
      <Entry>
        <Identifier>ptscpu</Identifier>
        <Value>3860</Value>
        <RawString>3850:3860:3870</RawString>
        <JSON>{"compiler-options":{"compiler-type":"CC","compiler":"gcc","compiler-options":"-O2 -fvisibility=hidden"}}</JSON>
      </Entry>
    </Data>
  </Result>
  <Result>
    <Identifier>pts/tscp-1.2.0</Identifier>
    <Title>TSCP</Title>
    <AppVersion>1.81</AppVersion>
    <Arguments></Arguments>
    <Description>AI Chess Performance</Description>
    <Scale>Nodes Per Second</Scale>
    <Proportion>HIB</Proportion>
    <DisplayFormat>BAR_GRAPH</DisplayFormat>
    <Data>
      <Entry>
        <Identifier>ptscpu</Identifier>
        <Value>439497</Value>
        <RawString>439567:439918:439918:438517:439567</RawString>
        <JSON>{"compiler-options":{"compiler-type":"CC","compiler":"gcc","compiler-options":"-O3 -march=native"}}</JSON>
      </Entry>
    </Data>
  </Result>
  <Result>
    <Identifier>pts/john-the-ripper-1.5.1</Identifier>
    <Title>John The Ripper</Title>
    <AppVersion>1.8.0</AppVersion>
    <Arguments>TRADITIONAL_DES_MANY_SALTS</Arguments>
    <Description>Traditional DES</Description>
    <Scale>Real C/S</Scale>
    <Proportion>HIB</Proportion>
    <DisplayFormat>BAR_GRAPH</DisplayFormat>
    <Data>
      <Entry>
        <Identifier>ptscpu</Identifier>
        <Value>34930333</Value>
        <RawString>46615000:34808000:28095000:40225000:32924000:26915000</RawString>
        <JSON>{"compiler-options":{"compiler-type":"CC","compiler":"gcc","compiler-options":"-fopenmp -lcrypt"}}</JSON>
      </Entry>
    </Data>
  </Result>
  <Result>
    <Identifier>pts/john-the-ripper-1.5.1</Identifier>
    <Title>John The Ripper</Title>
    <AppVersion>1.8.0</AppVersion>
    <Arguments>BLOWFISH</Arguments>
    <Description>Blowfish</Description>
    <Scale>Real C/S</Scale>
    <Proportion>HIB</Proportion>
    <DisplayFormat>BAR_GRAPH</DisplayFormat>
    <Data>
      <Entry>
        <Identifier>ptscpu</Identifier>
        <Value>12165</Value>
        <RawString>12355:12700:11267:12268:12158:12244</RawString>
        <JSON>{"compiler-options":{"compiler-type":"CC","compiler":"gcc","compiler-options":"-fopenmp -lcrypt"}}</JSON>
      </Entry>
    </Data>
  </Result>
  <Result>
    <Identifier>pts/x264-2.0.0</Identifier>
    <Title>x264</Title>
    <AppVersion>2015-11-02</AppVersion>
    <Arguments></Arguments>
    <Description>H.264 Video Encoding</Description>
    <Scale>Frames Per Second</Scale>
    <Proportion>HIB</Proportion>
    <DisplayFormat>BAR_GRAPH</DisplayFormat>
    <Data>
      <Entry>
        <Identifier>ptscpu</Identifier>
        <Value>124.05</Value>
        <RawString>136.1:120.22:113.86:122.27:132.2:114.6:113.61:129.17:135.8:122.69</RawString>
        <JSON>{"compiler-options":{"compiler-type":"CC","compiler":"gcc","compiler-options":"-ldl -m64 -lm -lpthread -O3 -ffast-math -std=gnu99 -fomit-frame-pointer -fno-tree-vectorize"}}</JSON>
      </Entry>
    </Data>
  </Result>
  <Result>
    <Identifier>pts/graphics-magick-1.6.1</Identifier>
    <Title>GraphicsMagick</Title>
    <AppVersion>1.3.19</AppVersion>
    <Arguments>-colorspace HWB</Arguments>
    <Description>HWB Color Space</Description>
    <Scale>Iterations Per Minute</Scale>
    <Proportion>HIB</Proportion>
    <DisplayFormat>BAR_GRAPH</DisplayFormat>
    <Data>
      <Entry>
        <Identifier>ptscpu</Identifier>
        <Value>78</Value>
        <RawString>78:78:78</RawString>
        <JSON>{"compiler-options":{"compiler-type":"CC","compiler":"gcc","compiler-options":"-std=gnu99 -fopenmp -O2 -pthread -ljbig -ljpeg -lXext -lX11 -llzma -lz -lm -lgomp -lpthread"}}</JSON>
      </Entry>
    </Data>
  </Result>
  <Result>
    <Identifier>pts/graphics-magick-1.6.1</Identifier>
    <Title>GraphicsMagick</Title>
    <AppVersion>1.3.19</AppVersion>
    <Arguments>-lat 10x10-5%</Arguments>
    <Description>Local Adaptive Thresholding</Description>
    <Scale>Iterations Per Minute</Scale>
    <Proportion>HIB</Proportion>
    <DisplayFormat>BAR_GRAPH</DisplayFormat>
    <Data>
      <Entry>
        <Identifier>ptscpu</Identifier>
        <Value>36</Value>
        <RawString>36:36:36</RawString>
        <JSON>{"compiler-options":{"compiler-type":"CC","compiler":"gcc","compiler-options":"-std=gnu99 -fopenmp -O2 -pthread -ljbig -ljpeg -lXext -lX11 -llzma -lz -lm -lgomp -lpthread"}}</JSON>
      </Entry>
    </Data>
  </Result>
  <Result>
    <Identifier>pts/graphics-magick-1.6.1</Identifier>
    <Title>GraphicsMagick</Title>
    <AppVersion>1.3.19</AppVersion>
    <Arguments>-sharpen 0x1.0</Arguments>
    <Description>Sharpen</Description>
    <Scale>Iterations Per Minute</Scale>
    <Proportion>HIB</Proportion>
    <DisplayFormat>BAR_GRAPH</DisplayFormat>
    <Data>
      <Entry>
        <Identifier>ptscpu</Identifier>
        <Value>70</Value>
        <RawString>70:69:70</RawString>
        <JSON>{"compiler-options":{"compiler-type":"CC","compiler":"gcc","compiler-options":"-std=gnu99 -fopenmp -O2 -pthread -ljbig -ljpeg -lXext -lX11 -llzma -lz -lm -lgomp -lpthread"}}</JSON>
      </Entry>
    </Data>
  </Result>
  <Result>
    <Identifier>pts/graphics-magick-1.6.1</Identifier>
    <Title>GraphicsMagick</Title>
    <AppVersion>1.3.19</AppVersion>
    <Arguments>-resize 50%</Arguments>
    <Description>Resizing</Description>
    <Scale>Iterations Per Minute</Scale>
    <Proportion>HIB</Proportion>
    <DisplayFormat>BAR_GRAPH</DisplayFormat>
    <Data>
      <Entry>
        <Identifier>ptscpu</Identifier>
        <Value>68</Value>
        <RawString>69:68:68</RawString>
        <JSON>{"compiler-options":{"compiler-type":"CC","compiler":"gcc","compiler-options":"-std=gnu99 -fopenmp -O2 -pthread -ljbig -ljpeg -lXext -lX11 -llzma -lz -lm -lgomp -lpthread"}}</JSON>
      </Entry>
    </Data>
  </Result>
  <Result>
    <Identifier>pts/himeno-1.1.0</Identifier>
    <Title>Himeno Benchmark</Title>
    <AppVersion>3.0</AppVersion>
    <Arguments></Arguments>
    <Description>Poisson Pressure Solver</Description>
    <Scale>MFLOPS</Scale>
    <Proportion>HIB</Proportion>
    <DisplayFormat>BAR_GRAPH</DisplayFormat>
    <Data>
      <Entry>
        <Identifier>ptscpu</Identifier>
        <Value>689.81</Value>
        <RawString>694.893759:693.233221:681.306978</RawString>
        <JSON>{"compiler-options":{"compiler-type":"CC","compiler":"gcc","compiler-options":"-O3"}}</JSON>
      </Entry>
    </Data>
  </Result>
  <Result>
    <Identifier>pts/compress-7zip-1.6.1</Identifier>
    <Title>7-Zip Compression</Title>
    <AppVersion>9.20.1</AppVersion>
    <Arguments></Arguments>
    <Description>Compress Speed Test</Description>
    <Scale>MIPS</Scale>
    <Proportion>HIB</Proportion>
    <DisplayFormat>BAR_GRAPH</DisplayFormat>
    <Data>
      <Entry>
        <Identifier>ptscpu</Identifier>
        <Value>17020</Value>
        <RawString>13872:17246:18183:17606:17987:17224</RawString>
        <JSON>{"compiler-options":{"compiler-type":"CXX","compiler":"g++","compiler-options":"-pipe -lpthread"}}</JSON>
      </Entry>
    </Data>
  </Result>
  <Result>
    <Identifier>pts/c-ray-1.1.0</Identifier>
    <Title>C-Ray</Title>
    <AppVersion>1.1</AppVersion>
    <Arguments></Arguments>
    <Description>Total Time</Description>
    <Scale>Seconds</Scale>
    <Proportion>LIB</Proportion>
    <DisplayFormat>BAR_GRAPH</DisplayFormat>
    <Data>
      <Entry>
        <Identifier>ptscpu</Identifier>
        <Value>11.06</Value>
        <RawString>12.477:10.577:10.74:11.574:10.484:10.517</RawString>
        <JSON>{"compiler-options":{"compiler-type":"CC","compiler":"gcc","compiler-options":"-lm -lpthread -O3"}}</JSON>
      </Entry>
    </Data>
  </Result>
  <Result>
    <Identifier>pts/compress-pbzip2-1.4.1</Identifier>
    <Title>Parallel BZIP2 Compression</Title>
    <AppVersion>1.1.6</AppVersion>
    <Arguments></Arguments>
    <Description>256MB File Compression</Description>
    <Scale>Seconds</Scale>
    <Proportion>LIB</Proportion>
    <DisplayFormat>BAR_GRAPH</DisplayFormat>
    <Data>
      <Entry>
        <Identifier>ptscpu</Identifier>
        <Value>5.87</Value>
        <RawString>4.912486076355:5.9806871414185:5.9596180915833:6.3512558937073:6.1944861412048:5.7915558815002</RawString>
        <JSON>{"compiler-options":{"compiler-type":"CXX","compiler":"g++","compiler-options":"-O2 -pthread -lbz2 -lpthread"}}</JSON>
      </Entry>
    </Data>
  </Result>
  <Result>
    <Identifier>pts/smallpt-1.0.2</Identifier>
    <Title>Smallpt</Title>
    <AppVersion>1.0</AppVersion>
    <Arguments></Arguments>
    <Description>Global Illumination Renderer; 100 Samples</Description>
    <Scale>Seconds</Scale>
    <Proportion>LIB</Proportion>
    <DisplayFormat>BAR_GRAPH</DisplayFormat>
    <Data>
      <Entry>
        <Identifier>ptscpu</Identifier>
        <Value>46</Value>
        <RawString>46:46:45</RawString>
        <JSON>{"compiler-options":{"compiler-type":"CXX","compiler":"g++","compiler-options":"-fopenmp"}}</JSON>
      </Entry>
    </Data>
  </Result>
  <Result>
    <Identifier>pts/crafty-1.3.0</Identifier>
    <Title>Crafty</Title>
    <AppVersion>23.4</AppVersion>
    <Arguments></Arguments>
    <Description>Elapsed Time</Description>
    <Scale>Seconds</Scale>
    <Proportion>LIB</Proportion>
    <DisplayFormat>BAR_GRAPH</DisplayFormat>
    <Data>
      <Entry>
        <Identifier>ptscpu</Identifier>
        <Value>158.75</Value>
        <RawString>159.08:158.73:158.45</RawString>
        <JSON>{"compiler-options":{"compiler-type":"CC","compiler":"gcc","compiler-options":"-lstdc++ -lm"}}</JSON>
      </Entry>
    </Data>
  </Result>
  <Result>
    <Identifier>pts/encode-flac-1.5.0</Identifier>
    <Title>FLAC Audio Encoding</Title>
    <AppVersion>1.3.1</AppVersion>
    <Arguments></Arguments>
    <Description>WAV To FLAC</Description>
    <Scale>Seconds</Scale>
    <Proportion>LIB</Proportion>
    <DisplayFormat>BAR_GRAPH</DisplayFormat>
    <Data>
      <Entry>
        <Identifier>ptscpu</Identifier>
        <Value>27.51</Value>
        <RawString>27.504400968552:27.5037150383:27.500726938248:27.543967008591:27.516193151474</RawString>
        <JSON>{"compiler-options":{"compiler-type":"CXX","compiler":"g++","compiler-options":"-O2 -fvisibility=hidden -lm"}}</JSON>
      </Entry>
    </Data>
  </Result>
  <Result>
    <Identifier>pts/encode-mp3-1.4.0</Identifier>
    <Title>LAME MP3 Encoding</Title>
    <AppVersion>3.99.3</AppVersion>
    <Arguments></Arguments>
    <Description>WAV To MP3</Description>
    <Scale>Seconds</Scale>
    <Proportion>LIB</Proportion>
    <DisplayFormat>BAR_GRAPH</DisplayFormat>
    <Data>
      <Entry>
        <Identifier>ptscpu</Identifier>
        <Value>30.04</Value>
        <RawString>30.037531137466:29.982398986816:30.081015825272:30.03208899498:30.046631097794</RawString>
        <JSON>{"compiler-options":{"compiler-type":"CC","compiler":"gcc","compiler-options":"-O3 -fomit-frame-pointer -ffast-math -pipe -lm"}}</JSON>
      </Entry>
    </Data>
  </Result>
  <Result>
    <Identifier>pts/ffmpeg-2.5.0</Identifier>
    <Title>FFmpeg</Title>
    <AppVersion>2.8.1</AppVersion>
    <Arguments></Arguments>
    <Description>H.264 HD To NTSC DV</Description>
    <Scale>Seconds</Scale>
    <Proportion>LIB</Proportion>
    <DisplayFormat>BAR_GRAPH</DisplayFormat>
    <Data>
      <Entry>
        <Identifier>ptscpu</Identifier>
        <Value>31.28</Value>
        <RawString>31.275115013123:31.428669929504:31.132322788239</RawString>
        <JSON>{"compiler-options":{"compiler-type":"CC","compiler":"gcc","compiler-options":"-lavdevice -lavfilter -lavformat -lavcodec -lswresample -lswscale -lavutil -lxcb -lxcb-xfixes -lxcb-render -lxcb-shape -lX11 -lasound -lSDL -lm -llzma -pthread -std=c99 -fomit-frame-pointer -O3 -fno-math-errno -fno-signed-zeros -fno-tree-vectorize"}}</JSON>
      </Entry>
    </Data>
  </Result>
  <Result>
    <Identifier>pts/tachyon-1.1.1</Identifier>
    <Title>Tachyon</Title>
    <AppVersion>0.98.9</AppVersion>
    <Arguments></Arguments>
    <Description>Total Time</Description>
    <Scale>Seconds</Scale>
    <Proportion>LIB</Proportion>
    <DisplayFormat>BAR_GRAPH</DisplayFormat>
    <Data>
      <Entry>
        <Identifier>ptscpu</Identifier>
        <Value>8.95</Value>
        <RawString>7.9727:8.1542:8.5746:9.187:10.7446:9.0897</RawString>
        <JSON>{"compiler-options":{"compiler-type":"CC","compiler":"gcc","compiler-options":"-m32 -O3 -fomit-frame-pointer -ffast-math -ltachyon -lm -lpthread"}}</JSON>
      </Entry>
    </Data>
  </Result>
  <Result>
    <Identifier>pts/openssl-1.9.0</Identifier>
    <Title>OpenSSL</Title>
    <AppVersion>1.0.1g</AppVersion>
    <Arguments></Arguments>
    <Description>RSA 4096-bit Performance</Description>
    <Scale>Signs Per Second</Scale>
    <Proportion>HIB</Proportion>
    <DisplayFormat>BAR_GRAPH</DisplayFormat>
    <Data>
      <Entry>
        <Identifier>ptscpu</Identifier>
        <Value>1086.30</Value>
        <RawString>1085:1088.8:1085.1</RawString>
        <JSON>{"compiler-options":{"compiler-type":"CC","compiler":"gcc","compiler-options":"-m64 -O3 -lssl -lcrypto -ldl"}}</JSON>
      </Entry>
    </Data>
  </Result>
  <Result>
    <Identifier>pts/tiobench-1.2.0</Identifier>
    <Title>Threaded I/O Tester</Title>
    <AppVersion>0.3.3</AppVersion>
    <Arguments>-k3 -k1 -f 32 -t 4</Arguments>
    <Description>Test: Read - Size Per Thread: 32MB - Thread Count: 4</Description>
    <Scale>MB/s</Scale>
    <Proportion>HIB</Proportion>
    <DisplayFormat>BAR_GRAPH</DisplayFormat>
    <Data>
      <Entry>
        <Identifier>24 x Intel Core 2 Duo P9xxx (Penryn Class Core 2) -</Identifier>
        <Value>1631.76</Value>
        <RawString>1575.986:1417.78:1901.508</RawString>
      </Entry>
    </Data>
  </Result>
  <Result>
    <Identifier>pts/tiobench-1.2.0</Identifier>
    <Title>Threaded I/O Tester</Title>
    <AppVersion>0.3.3</AppVersion>
    <Arguments>-k3 -k1 -f 32 -t 8</Arguments>
    <Description>Test: Read - Size Per Thread: 32MB - Thread Count: 8</Description>
    <Scale>MB/s</Scale>
    <Proportion>HIB</Proportion>
    <DisplayFormat>BAR_GRAPH</DisplayFormat>
    <Data>
      <Entry>
        <Identifier>24 x Intel Core 2 Duo P9xxx (Penryn Class Core 2) -</Identifier>
        <Value>1439.23</Value>
        <RawString>1152.473:1963.16:1202.07</RawString>
      </Entry>
    </Data>
  </Result>
  <Result>
    <Identifier>pts/tiobench-1.2.0</Identifier>
    <Title>Threaded I/O Tester</Title>
    <AppVersion>0.3.3</AppVersion>
    <Arguments>-k3 -k1 -f 64 -t 4</Arguments>
    <Description>Test: Read - Size Per Thread: 64MB - Thread Count: 4</Description>
    <Scale>MB/s</Scale>
    <Proportion>HIB</Proportion>
    <DisplayFormat>BAR_GRAPH</DisplayFormat>
    <Data>
      <Entry>
        <Identifier>24 x Intel Core 2 Duo P9xxx (Penryn Class Core 2) -</Identifier>
        <Value>1620.79</Value>
        <RawString>1559.806:1342.486:1960.064</RawString>
      </Entry>
    </Data>
  </Result>
  <Result>
    <Identifier>pts/tiobench-1.2.0</Identifier>
    <Title>Threaded I/O Tester</Title>
    <AppVersion>0.3.3</AppVersion>
    <Arguments>-k3 -k1 -f 64 -t 8</Arguments>
    <Description>Test: Read - Size Per Thread: 64MB - Thread Count: 8</Description>
    <Scale>MB/s</Scale>
    <Proportion>HIB</Proportion>
    <DisplayFormat>BAR_GRAPH</DisplayFormat>
    <Data>
      <Entry>
        <Identifier>24 x Intel Core 2 Duo P9xxx (Penryn Class Core 2) -</Identifier>
        <Value>1277.02</Value>
        <RawString>1343.409:1137.818:1349.823</RawString>
      </Entry>
    </Data>
  </Result>
  <Result>
    <Identifier>pts/tiobench-1.2.0</Identifier>
    <Title>Threaded I/O Tester</Title>
    <AppVersion>0.3.3</AppVersion>
    <Arguments>-k3 -k1 -f 128 -t 4</Arguments>
    <Description>Test: Read - Size Per Thread: 128MB - Thread Count: 4</Description>
    <Scale>MB/s</Scale>
    <Proportion>HIB</Proportion>
    <DisplayFormat>BAR_GRAPH</DisplayFormat>
    <Data>
      <Entry>
        <Identifier>24 x Intel Core 2 Duo P9xxx (Penryn Class Core 2) -</Identifier>
        <Value>1568.91</Value>
        <RawString>1458.939:1535.09:1712.707</RawString>
      </Entry>
    </Data>
  </Result>
  <Result>
    <Identifier>pts/tiobench-1.2.0</Identifier>
    <Title>Threaded I/O Tester</Title>
    <AppVersion>0.3.3</AppVersion>
    <Arguments>-k3 -k1 -f 128 -t 8</Arguments>
    <Description>Test: Read - Size Per Thread: 128MB - Thread Count: 8</Description>
    <Scale>MB/s</Scale>
    <Proportion>HIB</Proportion>
    <DisplayFormat>BAR_GRAPH</DisplayFormat>
    <Data>
      <Entry>
        <Identifier>24 x Intel Core 2 Duo P9xxx (Penryn Class Core 2) -</Identifier>
        <Value>1433.41</Value>
        <RawString>1313.947:1675.42:1310.863</RawString>
      </Entry>
    </Data>
  </Result>
  <Result>
    <Identifier>pts/tiobench-1.2.0</Identifier>
    <Title>Threaded I/O Tester</Title>
    <AppVersion>0.3.3</AppVersion>
    <Arguments>-k3 -k1 -f 256 -t 4</Arguments>
    <Description>Test: Read - Size Per Thread: 256MB - Thread Count: 4</Description>
    <Scale>MB/s</Scale>
    <Proportion>HIB</Proportion>
    <DisplayFormat>BAR_GRAPH</DisplayFormat>
    <Data>
      <Entry>
        <Identifier>24 x Intel Core 2 Duo P9xxx (Penryn Class Core 2) -</Identifier>
        <Value>1917.22</Value>
        <RawString>1972.09:1987.146:1792.425</RawString>
      </Entry>
    </Data>
  </Result>
  <Result>
    <Identifier>pts/tiobench-1.2.0</Identifier>
    <Title>Threaded I/O Tester</Title>
    <AppVersion>0.3.3</AppVersion>
    <Arguments>-k3 -k1 -f 256 -t 8</Arguments>
    <Description>Test: Read - Size Per Thread: 256MB - Thread Count: 8</Description>
    <Scale>MB/s</Scale>
    <Proportion>HIB</Proportion>
    <DisplayFormat>BAR_GRAPH</DisplayFormat>
    <Data>
      <Entry>
        <Identifier>24 x Intel Core 2 Duo P9xxx (Penryn Class Core 2) -</Identifier>
        <Value>1443.45</Value>
        <RawString>1652.146:1436.797:1241.397</RawString>
      </Entry>
    </Data>
  </Result>
  <Result>
    <Identifier>pts/tiobench-1.2.0</Identifier>
    <Title>Threaded I/O Tester</Title>
    <AppVersion>0.3.3</AppVersion>
    <Arguments>-k3 -k1 -f 32 -t 16</Arguments>
    <Description>Test: Read - Size Per Thread: 32MB - Thread Count: 16</Description>
    <Scale>MB/s</Scale>
    <Proportion>HIB</Proportion>
    <DisplayFormat>BAR_GRAPH</DisplayFormat>
    <Data>
      <Entry>
        <Identifier>24 x Intel Core 2 Duo P9xxx (Penryn Class Core 2) -</Identifier>
        <Value>1837.15</Value>
        <RawString>1798.915:2087.7:1397.429:2264.905:1335.315:2138.644</RawString>
      </Entry>
    </Data>
  </Result>
  <Result>
    <Identifier>pts/tiobench-1.2.0</Identifier>
    <Title>Threaded I/O Tester</Title>
    <AppVersion>0.3.3</AppVersion>
    <Arguments>-k3 -k1 -f 32 -t 32</Arguments>
    <Description>Test: Read - Size Per Thread: 32MB - Thread Count: 32</Description>
    <Scale>MB/s</Scale>
    <Proportion>HIB</Proportion>
    <DisplayFormat>BAR_GRAPH</DisplayFormat>
    <Data>
      <Entry>
        <Identifier>24 x Intel Core 2 Duo P9xxx (Penryn Class Core 2) -</Identifier>
        <Value>1819.71</Value>
        <RawString>1830.166:1853.649:2130.448:1349.181:2175.1:1579.728</RawString>
      </Entry>
    </Data>
  </Result>
  <Result>
    <Identifier>pts/tiobench-1.2.0</Identifier>
    <Title>Threaded I/O Tester</Title>
    <AppVersion>0.3.3</AppVersion>
    <Arguments>-k3 -k1 -f 64 -t 16</Arguments>
    <Description>Test: Read - Size Per Thread: 64MB - Thread Count: 16</Description>
    <Scale>MB/s</Scale>
    <Proportion>HIB</Proportion>
    <DisplayFormat>BAR_GRAPH</DisplayFormat>
    <Data>
      <Entry>
        <Identifier>24 x Intel Core 2 Duo P9xxx (Penryn Class Core 2) -</Identifier>
        <Value>2193.40</Value>
        <RawString>2594.882:2088.475:1896.83</RawString>
      </Entry>
    </Data>
  </Result>
  <Result>
    <Identifier>pts/tiobench-1.2.0</Identifier>
    <Title>Threaded I/O Tester</Title>
    <AppVersion>0.3.3</AppVersion>
    <Arguments>-k3 -k1 -f 64 -t 32</Arguments>
    <Description>Test: Read - Size Per Thread: 64MB - Thread Count: 32</Description>
    <Scale>MB/s</Scale>
    <Proportion>HIB</Proportion>
    <DisplayFormat>BAR_GRAPH</DisplayFormat>
    <Data>
      <Entry>
        <Identifier>24 x Intel Core 2 Duo P9xxx (Penryn Class Core 2) -</Identifier>
        <Value>1430.65</Value>
        <RawString>1504.333:1345.448:1442.17</RawString>
      </Entry>
    </Data>
  </Result>
  <Result>
    <Identifier>pts/tiobench-1.2.0</Identifier>
    <Title>Threaded I/O Tester</Title>
    <AppVersion>0.3.3</AppVersion>
    <Arguments>-k3 -k2 -k1 -f 32 -t 4</Arguments>
    <Description>Test: Write - Size Per Thread: 32MB - Thread Count: 4</Description>
    <Scale>MB/s</Scale>
    <Proportion>HIB</Proportion>
    <DisplayFormat>BAR_GRAPH</DisplayFormat>
    <Data>
      <Entry>
        <Identifier>24 x Intel Core 2 Duo P9xxx (Penryn Class Core 2) -</Identifier>
        <Value>0.22</Value>
        <RawString>0.192:0.203:0.258:0.224:0.212:0.218</RawString>
      </Entry>
    </Data>
  </Result>
  <Result>
    <Identifier>pts/tiobench-1.2.0</Identifier>
    <Title>Threaded I/O Tester</Title>
    <AppVersion>0.3.3</AppVersion>
    <Arguments>-k3 -k2 -k1 -f 32 -t 8</Arguments>
    <Description>Test: Write - Size Per Thread: 32MB - Thread Count: 8</Description>
    <Scale>MB/s</Scale>
    <Proportion>HIB</Proportion>
    <DisplayFormat>BAR_GRAPH</DisplayFormat>
    <Data>
      <Entry>
        <Identifier>24 x Intel Core 2 Duo P9xxx (Penryn Class Core 2) -</Identifier>
        <Value>0.36</Value>
        <RawString>0.316:0.37:0.379:0.388:0.381:0.346</RawString>
      </Entry>
    </Data>
  </Result>
  <Result>
    <Identifier>pts/tiobench-1.2.0</Identifier>
    <Title>Threaded I/O Tester</Title>
    <AppVersion>0.3.3</AppVersion>
    <Arguments>-k3 -k2 -k1 -f 64 -t 4</Arguments>
    <Description>Test: Write - Size Per Thread: 64MB - Thread Count: 4</Description>
    <Scale>MB/s</Scale>
    <Proportion>HIB</Proportion>
    <DisplayFormat>BAR_GRAPH</DisplayFormat>
    <Data>
      <Entry>
        <Identifier>24 x Intel Core 2 Duo P9xxx (Penryn Class Core 2) -</Identifier>
        <Value>0.21</Value>
        <RawString>0.2:0.222:0.195</RawString>
      </Entry>
    </Data>
  </Result>
  <Result>
    <Identifier>pts/tiobench-1.2.0</Identifier>
    <Title>Threaded I/O Tester</Title>
    <AppVersion>0.3.3</AppVersion>
    <Arguments>-k3 -k2 -k1 -f 64 -t 8</Arguments>
    <Description>Test: Write - Size Per Thread: 64MB - Thread Count: 8</Description>
    <Scale>MB/s</Scale>
    <Proportion>HIB</Proportion>
    <DisplayFormat>BAR_GRAPH</DisplayFormat>
    <Data>
      <Entry>
        <Identifier>24 x Intel Core 2 Duo P9xxx (Penryn Class Core 2) -</Identifier>
        <Value>0.36</Value>
        <RawString>0.336:0.356:0.396</RawString>
      </Entry>
    </Data>
  </Result>
  <Result>
    <Identifier>pts/tiobench-1.2.0</Identifier>
    <Title>Threaded I/O Tester</Title>
    <AppVersion>0.3.3</AppVersion>
    <Arguments>-k3 -k1 -f 128 -t 16</Arguments>
    <Description>Test: Read - Size Per Thread: 128MB - Thread Count: 16</Description>
    <Scale>MB/s</Scale>
    <Proportion>HIB</Proportion>
    <DisplayFormat>BAR_GRAPH</DisplayFormat>
    <Data>
      <Entry>
        <Identifier>24 x Intel Core 2 Duo P9xxx (Penryn Class Core 2) -</Identifier>
        <Value>1244.35</Value>
        <RawString>1174.691:1427.464:1130.905</RawString>
      </Entry>
    </Data>
  </Result>
  <Result>
    <Identifier>pts/tiobench-1.2.0</Identifier>
    <Title>Threaded I/O Tester</Title>
    <AppVersion>0.3.3</AppVersion>
    <Arguments>-k3 -k1 -f 128 -t 32</Arguments>
    <Description>Test: Read - Size Per Thread: 128MB - Thread Count: 32</Description>
    <Scale>MB/s</Scale>
    <Proportion>HIB</Proportion>
    <DisplayFormat>BAR_GRAPH</DisplayFormat>
    <Data>
      <Entry>
        <Identifier>24 x Intel Core 2 Duo P9xxx (Penryn Class Core 2) -</Identifier>
        <Value>1182.18</Value>
        <RawString>1157.227:1019.116:1370.203</RawString>
      </Entry>
    </Data>
  </Result>
  <Result>
    <Identifier>pts/tiobench-1.2.0</Identifier>
    <Title>Threaded I/O Tester</Title>
    <AppVersion>0.3.3</AppVersion>
    <Arguments>-k3 -k1 -f 256 -t 16</Arguments>
    <Description>Test: Read - Size Per Thread: 256MB - Thread Count: 16</Description>
    <Scale>MB/s</Scale>
    <Proportion>HIB</Proportion>
    <DisplayFormat>BAR_GRAPH</DisplayFormat>
    <Data>
      <Entry>
        <Identifier>24 x Intel Core 2 Duo P9xxx (Penryn Class Core 2) -</Identifier>
        <Value>1086.79</Value>
        <RawString>1095.664:1183.324:981.379</RawString>
      </Entry>
    </Data>
  </Result>
  <Result>
    <Identifier>pts/tiobench-1.2.0</Identifier>
    <Title>Threaded I/O Tester</Title>
    <AppVersion>0.3.3</AppVersion>
    <Arguments>-k3 -k1 -f 256 -t 32</Arguments>
    <Description>Test: Read - Size Per Thread: 256MB - Thread Count: 32</Description>
    <Scale>MB/s</Scale>
    <Proportion>HIB</Proportion>
    <DisplayFormat>BAR_GRAPH</DisplayFormat>
    <Data>
      <Entry>
        <Identifier>24 x Intel Core 2 Duo P9xxx (Penryn Class Core 2) -</Identifier>
        <Value>1304.30</Value>
        <RawString>1238.047:1357.051:1317.792</RawString>
      </Entry>
    </Data>
  </Result>
  <Result>
    <Identifier>pts/tiobench-1.2.0</Identifier>
    <Title>Threaded I/O Tester</Title>
    <AppVersion>0.3.3</AppVersion>
    <Arguments>-k3 -k2 -k1 -f 128 -t 4</Arguments>
    <Description>Test: Write - Size Per Thread: 128MB - Thread Count: 4</Description>
    <Scale>MB/s</Scale>
    <Proportion>HIB</Proportion>
    <DisplayFormat>BAR_GRAPH</DisplayFormat>
    <Data>
      <Entry>
        <Identifier>24 x Intel Core 2 Duo P9xxx (Penryn Class Core 2) -</Identifier>
        <Value>0.24</Value>
        <RawString>0.206:0.243:0.26</RawString>
      </Entry>
    </Data>
  </Result>
  <Result>
    <Identifier>pts/tiobench-1.2.0</Identifier>
    <Title>Threaded I/O Tester</Title>
    <AppVersion>0.3.3</AppVersion>
    <Arguments>-k3 -k2 -k1 -f 128 -t 8</Arguments>
    <Description>Test: Write - Size Per Thread: 128MB - Thread Count: 8</Description>
    <Scale>MB/s</Scale>
    <Proportion>HIB</Proportion>
    <DisplayFormat>BAR_GRAPH</DisplayFormat>
    <Data>
      <Entry>
        <Identifier>24 x Intel Core 2 Duo P9xxx (Penryn Class Core 2) -</Identifier>
        <Value>0.43</Value>
        <RawString>0.482:0.403:0.398</RawString>
      </Entry>
    </Data>
  </Result>
  <Result>
    <Identifier>pts/tiobench-1.2.0</Identifier>
    <Title>Threaded I/O Tester</Title>
    <AppVersion>0.3.3</AppVersion>
    <Arguments>-k3 -k2 -k1 -f 256 -t 4</Arguments>
    <Description>Test: Write - Size Per Thread: 256MB - Thread Count: 4</Description>
    <Scale>MB/s</Scale>
    <Proportion>HIB</Proportion>
    <DisplayFormat>BAR_GRAPH</DisplayFormat>
    <Data>
      <Entry>
        <Identifier>24 x Intel Core 2 Duo P9xxx (Penryn Class Core 2) -</Identifier>
        <Value>0.26</Value>
        <RawString>0.265:0.259:0.257</RawString>
      </Entry>
    </Data>
  </Result>
  <Result>
    <Identifier>pts/tiobench-1.2.0</Identifier>
    <Title>Threaded I/O Tester</Title>
    <AppVersion>0.3.3</AppVersion>
    <Arguments>-k3 -k2 -k1 -f 256 -t 8</Arguments>
    <Description>Test: Write - Size Per Thread: 256MB - Thread Count: 8</Description>
    <Scale>MB/s</Scale>
    <Proportion>HIB</Proportion>
    <DisplayFormat>BAR_GRAPH</DisplayFormat>
    <Data>
      <Entry>
        <Identifier>24 x Intel Core 2 Duo P9xxx (Penryn Class Core 2) -</Identifier>
        <Value>0.47</Value>
        <RawString>0.467:0.461:0.471</RawString>
      </Entry>
    </Data>
  </Result>
  <Result>
    <Identifier>pts/tiobench-1.2.0</Identifier>
    <Title>Threaded I/O Tester</Title>
    <AppVersion>0.3.3</AppVersion>
    <Arguments>-k3 -k2 -k1 -f 32 -t 16</Arguments>
    <Description>Test: Write - Size Per Thread: 32MB - Thread Count: 16</Description>
    <Scale>MB/s</Scale>
    <Proportion>HIB</Proportion>
    <DisplayFormat>BAR_GRAPH</DisplayFormat>
    <Data>
      <Entry>
        <Identifier>24 x Intel Core 2 Duo P9xxx (Penryn Class Core 2) -</Identifier>
        <Value>0.82</Value>
        <RawString>0.812:0.804:0.832</RawString>
      </Entry>
    </Data>
  </Result>
  <Result>
    <Identifier>pts/tiobench-1.2.0</Identifier>
    <Title>Threaded I/O Tester</Title>
    <AppVersion>0.3.3</AppVersion>
    <Arguments>-k3 -k2 -k1 -f 32 -t 32</Arguments>
    <Description>Test: Write - Size Per Thread: 32MB - Thread Count: 32</Description>
    <Scale>MB/s</Scale>
    <Proportion>HIB</Proportion>
    <DisplayFormat>BAR_GRAPH</DisplayFormat>
    <Data>
      <Entry>
        <Identifier>24 x Intel Core 2 Duo P9xxx (Penryn Class Core 2) -</Identifier>
        <Value>1.27</Value>
        <RawString>1.291:1.268:1.255</RawString>
      </Entry>
    </Data>
  </Result>
  <Result>
    <Identifier>pts/tiobench-1.2.0</Identifier>
    <Title>Threaded I/O Tester</Title>
    <AppVersion>0.3.3</AppVersion>
    <Arguments>-k3 -k2 -k1 -f 64 -t 16</Arguments>
    <Description>Test: Write - Size Per Thread: 64MB - Thread Count: 16</Description>
    <Scale>MB/s</Scale>
    <Proportion>HIB</Proportion>
    <DisplayFormat>BAR_GRAPH</DisplayFormat>
    <Data>
      <Entry>
        <Identifier>24 x Intel Core 2 Duo P9xxx (Penryn Class Core 2) -</Identifier>
        <Value>0.80</Value>
        <RawString>0.793:0.806:0.797</RawString>
      </Entry>
    </Data>
  </Result>
  <Result>
    <Identifier>pts/tiobench-1.2.0</Identifier>
    <Title>Threaded I/O Tester</Title>
    <AppVersion>0.3.3</AppVersion>
    <Arguments>-k3 -k2 -k1 -f 64 -t 32</Arguments>
    <Description>Test: Write - Size Per Thread: 64MB - Thread Count: 32</Description>
    <Scale>MB/s</Scale>
    <Proportion>HIB</Proportion>
    <DisplayFormat>BAR_GRAPH</DisplayFormat>
    <Data>
      <Entry>
        <Identifier>24 x Intel Core 2 Duo P9xxx (Penryn Class Core 2) -</Identifier>
        <Value>1.25</Value>
        <RawString>1.279:1.235:1.25</RawString>
      </Entry>
    </Data>
  </Result>
  <Result>
    <Identifier>pts/tiobench-1.2.0</Identifier>
    <Title>Threaded I/O Tester</Title>
    <AppVersion>0.3.3</AppVersion>
    <Arguments>-k3 -k2 -k1 -f 128 -t 16</Arguments>
    <Description>Test: Write - Size Per Thread: 128MB - Thread Count: 16</Description>
    <Scale>MB/s</Scale>
    <Proportion>HIB</Proportion>
    <DisplayFormat>BAR_GRAPH</DisplayFormat>
    <Data>
      <Entry>
        <Identifier>24 x Intel Core 2 Duo P9xxx (Penryn Class Core 2) -</Identifier>
        <Value>0.80</Value>
        <RawString>0.799:0.803:0.802</RawString>
      </Entry>
    </Data>
  </Result>
  <Result>
    <Identifier>pts/tiobench-1.2.0</Identifier>
    <Title>Threaded I/O Tester</Title>
    <AppVersion>0.3.3</AppVersion>
    <Arguments>-k3 -k2 -k1 -f 128 -t 32</Arguments>
    <Description>Test: Write - Size Per Thread: 128MB - Thread Count: 32</Description>
    <Scale>MB/s</Scale>
    <Proportion>HIB</Proportion>
    <DisplayFormat>BAR_GRAPH</DisplayFormat>
    <Data>
      <Entry>
        <Identifier>24 x Intel Core 2 Duo P9xxx (Penryn Class Core 2) -</Identifier>
        <Value>1.24</Value>
        <RawString>1.248:1.248:1.236</RawString>
      </Entry>
    </Data>
  </Result>
  <Result>
    <Identifier>pts/tiobench-1.2.0</Identifier>
    <Title>Threaded I/O Tester</Title>
    <AppVersion>0.3.3</AppVersion>
    <Arguments>-k3 -k2 -k1 -f 256 -t 16</Arguments>
    <Description>Test: Write - Size Per Thread: 256MB - Thread Count: 16</Description>
    <Scale>MB/s</Scale>
    <Proportion>HIB</Proportion>
    <DisplayFormat>BAR_GRAPH</DisplayFormat>
    <Data>
      <Entry>
        <Identifier>24 x Intel Core 2 Duo P9xxx (Penryn Class Core 2) -</Identifier>
        <Value>0.77</Value>
        <RawString>0.759:0.779:0.778</RawString>
      </Entry>
    </Data>
  </Result>
  <Result>
    <Identifier>pts/tiobench-1.2.0</Identifier>
    <Title>Threaded I/O Tester</Title>
    <AppVersion>0.3.3</AppVersion>
    <Arguments>-k3 -k2 -k1 -f 256 -t 32</Arguments>
    <Description>Test: Write - Size Per Thread: 256MB - Thread Count: 32</Description>
    <Scale>MB/s</Scale>
    <Proportion>HIB</Proportion>
    <DisplayFormat>BAR_GRAPH</DisplayFormat>
    <Data>
      <Entry>
        <Identifier>24 x Intel Core 2 Duo P9xxx (Penryn Class Core 2) -</Identifier>
        <Value>1.98</Value>
        <RawString>1.244:1.892:2.794</RawString>
      </Entry>
    </Data>
  </Result>
  <Result>
    <Identifier>pts/tiobench-1.2.0</Identifier>
    <Title>Threaded I/O Tester</Title>
    <AppVersion>0.3.3</AppVersion>
    <Arguments>-k2 -k1 -f 32 -t 4</Arguments>
    <Description>Test: Random Read - Size Per Thread: 32MB - Thread Count: 4</Description>
    <Scale>MB/s</Scale>
    <Proportion>HIB</Proportion>
    <DisplayFormat>BAR_GRAPH</DisplayFormat>
    <Data>
      <Entry>
        <Identifier>24 x Intel Core 2 Duo P9xxx (Penryn Class Core 2) -</Identifier>
        <Value>1181.00</Value>
        <RawString>2068.441:439.262:1887.305:727.116:681.898:1281.999</RawString>
      </Entry>
    </Data>
  </Result>
  <Result>
    <Identifier>pts/tiobench-1.2.0</Identifier>
    <Title>Threaded I/O Tester</Title>
    <AppVersion>0.3.3</AppVersion>
    <Arguments>-k2 -k1 -f 32 -t 8</Arguments>
    <Description>Test: Random Read - Size Per Thread: 32MB - Thread Count: 8</Description>
    <Scale>MB/s</Scale>
    <Proportion>HIB</Proportion>
    <DisplayFormat>BAR_GRAPH</DisplayFormat>
    <Data>
      <Entry>
        <Identifier>24 x Intel Core 2 Duo P9xxx (Penryn Class Core 2) -</Identifier>
        <Value>2413.94</Value>
        <RawString>2095.628:2188.529:2831.385:2622.965:1948.983:2796.17</RawString>
      </Entry>
    </Data>
  </Result>
  <Result>
    <Identifier>pts/tiobench-1.2.0</Identifier>
    <Title>Threaded I/O Tester</Title>
    <AppVersion>0.3.3</AppVersion>
    <Arguments>-k2 -k1 -f 64 -t 4</Arguments>
    <Description>Test: Random Read - Size Per Thread: 64MB - Thread Count: 4</Description>
    <Scale>MB/s</Scale>
    <Proportion>HIB</Proportion>
    <DisplayFormat>BAR_GRAPH</DisplayFormat>
    <Data>
      <Entry>
        <Identifier>24 x Intel Core 2 Duo P9xxx (Penryn Class Core 2) -</Identifier>
        <Value>1486.31</Value>
        <RawString>1076.25:1952.393:2120.369:516.358:1364.51:1887.989</RawString>
      </Entry>
    </Data>
  </Result>
  <Result>
    <Identifier>pts/tiobench-1.2.0</Identifier>
    <Title>Threaded I/O Tester</Title>
    <AppVersion>0.3.3</AppVersion>
    <Arguments>-k2 -k1 -f 64 -t 8</Arguments>
    <Description>Test: Random Read - Size Per Thread: 64MB - Thread Count: 8</Description>
    <Scale>MB/s</Scale>
    <Proportion>HIB</Proportion>
    <DisplayFormat>BAR_GRAPH</DisplayFormat>
    <Data>
      <Entry>
        <Identifier>24 x Intel Core 2 Duo P9xxx (Penryn Class Core 2) -</Identifier>
        <Value>2516.95</Value>
        <RawString>2699.084:2864.345:2139.385:2174.821:2746.287:2477.799</RawString>
      </Entry>
    </Data>
  </Result>
  <Result>
    <Identifier>pts/tiobench-1.2.0</Identifier>
    <Title>Threaded I/O Tester</Title>
    <AppVersion>0.3.3</AppVersion>
    <Arguments>-k2 -k1 -f 128 -t 4</Arguments>
    <Description>Test: Random Read - Size Per Thread: 128MB - Thread Count: 4</Description>
    <Scale>MB/s</Scale>
    <Proportion>HIB</Proportion>
    <DisplayFormat>BAR_GRAPH</DisplayFormat>
    <Data>
      <Entry>
        <Identifier>24 x Intel Core 2 Duo P9xxx (Penryn Class Core 2) -</Identifier>
        <Value>1487.71</Value>
        <RawString>2020.823:865.939:1535.023:1768.734:733.327:2002.435</RawString>
      </Entry>
    </Data>
  </Result>
  <Result>
    <Identifier>pts/tiobench-1.2.0</Identifier>
    <Title>Threaded I/O Tester</Title>
    <AppVersion>0.3.3</AppVersion>
    <Arguments>-k2 -k1 -f 128 -t 8</Arguments>
    <Description>Test: Random Read - Size Per Thread: 128MB - Thread Count: 8</Description>
    <Scale>MB/s</Scale>
    <Proportion>HIB</Proportion>
    <DisplayFormat>BAR_GRAPH</DisplayFormat>
    <Data>
      <Entry>
        <Identifier>24 x Intel Core 2 Duo P9xxx (Penryn Class Core 2) -</Identifier>
        <Value>2464.62</Value>
        <RawString>2392.253:2407.179:2594.438</RawString>
      </Entry>
    </Data>
  </Result>
  <Result>
    <Identifier>pts/tiobench-1.2.0</Identifier>
    <Title>Threaded I/O Tester</Title>
    <AppVersion>0.3.3</AppVersion>
    <Arguments>-k2 -k1 -f 256 -t 4</Arguments>
    <Description>Test: Random Read - Size Per Thread: 256MB - Thread Count: 4</Description>
    <Scale>MB/s</Scale>
    <Proportion>HIB</Proportion>
    <DisplayFormat>BAR_GRAPH</DisplayFormat>
    <Data>
      <Entry>
        <Identifier>24 x Intel Core 2 Duo P9xxx (Penryn Class Core 2) -</Identifier>
        <Value>1629.65</Value>
        <RawString>525.175:1968.876:2018.995:1794.121:1595.853:1874.85</RawString>
      </Entry>
    </Data>
  </Result>
  <Result>
    <Identifier>pts/tiobench-1.2.0</Identifier>
    <Title>Threaded I/O Tester</Title>
    <AppVersion>0.3.3</AppVersion>
    <Arguments>-k2 -k1 -f 256 -t 8</Arguments>
    <Description>Test: Random Read - Size Per Thread: 256MB - Thread Count: 8</Description>
    <Scale>MB/s</Scale>
    <Proportion>HIB</Proportion>
    <DisplayFormat>BAR_GRAPH</DisplayFormat>
    <Data>
      <Entry>
        <Identifier>24 x Intel Core 2 Duo P9xxx (Penryn Class Core 2) -</Identifier>
        <Value>2280.79</Value>
        <RawString>2609.821:1701.977:2530.569</RawString>
      </Entry>
    </Data>
  </Result>
  <Result>
    <Identifier>pts/tiobench-1.2.0</Identifier>
    <Title>Threaded I/O Tester</Title>
    <AppVersion>0.3.3</AppVersion>
    <Arguments>-k2 -k1 -f 32 -t 16</Arguments>
    <Description>Test: Random Read - Size Per Thread: 32MB - Thread Count: 16</Description>
    <Scale>MB/s</Scale>
    <Proportion>HIB</Proportion>
    <DisplayFormat>BAR_GRAPH</DisplayFormat>
    <Data>
      <Entry>
        <Identifier>24 x Intel Core 2 Duo P9xxx (Penryn Class Core 2) -</Identifier>
        <Value>1820.78</Value>
        <RawString>1713.127:1810.597:2097.104:1284.766:1944.012:2075.102</RawString>
      </Entry>
    </Data>
  </Result>
  <Result>
    <Identifier>pts/tiobench-1.2.0</Identifier>
    <Title>Threaded I/O Tester</Title>
    <AppVersion>0.3.3</AppVersion>
    <Arguments>-k2 -k1 -f 32 -t 32</Arguments>
    <Description>Test: Random Read - Size Per Thread: 32MB - Thread Count: 32</Description>
    <Scale>MB/s</Scale>
    <Proportion>HIB</Proportion>
    <DisplayFormat>BAR_GRAPH</DisplayFormat>
    <Data>
      <Entry>
        <Identifier>24 x Intel Core 2 Duo P9xxx (Penryn Class Core 2) -</Identifier>
        <Value>1909.46</Value>
        <RawString>1989.274:1739.711:1999.392</RawString>
      </Entry>
    </Data>
  </Result>
  <Result>
    <Identifier>pts/tiobench-1.2.0</Identifier>
    <Title>Threaded I/O Tester</Title>
    <AppVersion>0.3.3</AppVersion>
    <Arguments>-k2 -k1 -f 64 -t 16</Arguments>
    <Description>Test: Random Read - Size Per Thread: 64MB - Thread Count: 16</Description>
    <Scale>MB/s</Scale>
    <Proportion>HIB</Proportion>
    <DisplayFormat>BAR_GRAPH</DisplayFormat>
    <Data>
      <Entry>
        <Identifier>24 x Intel Core 2 Duo P9xxx (Penryn Class Core 2) -</Identifier>
        <Value>2046.57</Value>
        <RawString>2447.525:1971.174:1978.662:1819.664:2015.804</RawString>
      </Entry>
    </Data>
  </Result>
  <Result>
    <Identifier>pts/tiobench-1.2.0</Identifier>
    <Title>Threaded I/O Tester</Title>
    <AppVersion>0.3.3</AppVersion>
    <Arguments>-k2 -k1 -f 64 -t 32</Arguments>
    <Description>Test: Random Read - Size Per Thread: 64MB - Thread Count: 32</Description>
    <Scale>MB/s</Scale>
    <Proportion>HIB</Proportion>
    <DisplayFormat>BAR_GRAPH</DisplayFormat>
    <Data>
      <Entry>
        <Identifier>24 x Intel Core 2 Duo P9xxx (Penryn Class Core 2) -</Identifier>
        <Value>1732.29</Value>
        <RawString>1958.265:1261.556:1977.035</RawString>
      </Entry>
    </Data>
  </Result>
  <Result>
    <Identifier>pts/tiobench-1.2.0</Identifier>
    <Title>Threaded I/O Tester</Title>
    <AppVersion>0.3.3</AppVersion>
    <Arguments>-k3 -k2 -f 32 -t 4</Arguments>
    <Description>Test: Random Write - Size Per Thread: 32MB - Thread Count: 4</Description>
    <Scale>MB/s</Scale>
    <Proportion>HIB</Proportion>
    <DisplayFormat>BAR_GRAPH</DisplayFormat>
    <Data>
      <Entry>
        <Identifier>24 x Intel Core 2 Duo P9xxx (Penryn Class Core 2) -</Identifier>
        <Value>0.75</Value>
        <RawString>0.282:0.236:1.53:0.343:1.659:0.421</RawString>
      </Entry>
    </Data>
  </Result>
  <Result>
    <Identifier>pts/tiobench-1.2.0</Identifier>
    <Title>Threaded I/O Tester</Title>
    <AppVersion>0.3.3</AppVersion>
    <Arguments>-k3 -k2 -f 32 -t 8</Arguments>
    <Description>Test: Random Write - Size Per Thread: 32MB - Thread Count: 8</Description>
    <Scale>MB/s</Scale>
    <Proportion>HIB</Proportion>
    <DisplayFormat>BAR_GRAPH</DisplayFormat>
    <Data>
      <Entry>
        <Identifier>24 x Intel Core 2 Duo P9xxx (Penryn Class Core 2) -</Identifier>
        <Value>0.80</Value>
        <RawString>0.422:0.445:2.685:0.363:0.454:0.457</RawString>
      </Entry>
    </Data>
  </Result>
  <Result>
    <Identifier>pts/tiobench-1.2.0</Identifier>
    <Title>Threaded I/O Tester</Title>
    <AppVersion>0.3.3</AppVersion>
    <Arguments>-k3 -k2 -f 64 -t 4</Arguments>
    <Description>Test: Random Write - Size Per Thread: 64MB - Thread Count: 4</Description>
    <Scale>MB/s</Scale>
    <Proportion>HIB</Proportion>
    <DisplayFormat>BAR_GRAPH</DisplayFormat>
    <Data>
      <Entry>
        <Identifier>24 x Intel Core 2 Duo P9xxx (Penryn Class Core 2) -</Identifier>
        <Value>0.71</Value>
        <RawString>0.336:1.669:0.126</RawString>
      </Entry>
    </Data>
  </Result>
  <Result>
    <Identifier>pts/tiobench-1.2.0</Identifier>
    <Title>Threaded I/O Tester</Title>
    <AppVersion>0.3.3</AppVersion>
    <Arguments>-k3 -k2 -f 64 -t 8</Arguments>
    <Description>Test: Random Write - Size Per Thread: 64MB - Thread Count: 8</Description>
    <Scale>MB/s</Scale>
    <Proportion>HIB</Proportion>
    <DisplayFormat>BAR_GRAPH</DisplayFormat>
    <Data>
      <Entry>
        <Identifier>24 x Intel Core 2 Duo P9xxx (Penryn Class Core 2) -</Identifier>
        <Value>1.55</Value>
        <RawString>0.163:0.405:0.434:2.764:2.95:2.612</RawString>
      </Entry>
    </Data>
  </Result>
  <Result>
    <Identifier>pts/tiobench-1.2.0</Identifier>
    <Title>Threaded I/O Tester</Title>
    <AppVersion>0.3.3</AppVersion>
    <Arguments>-k2 -k1 -f 128 -t 16</Arguments>
    <Description>Test: Random Read - Size Per Thread: 128MB - Thread Count: 16</Description>
    <Scale>MB/s</Scale>
    <Proportion>HIB</Proportion>
    <DisplayFormat>BAR_GRAPH</DisplayFormat>
    <Data>
      <Entry>
        <Identifier>24 x Intel Core 2 Duo P9xxx (Penryn Class Core 2) -</Identifier>
        <Value>1031.14</Value>
        <RawString>1691.933:1124.161:277.318</RawString>
      </Entry>
    </Data>
  </Result>
  <Result>
    <Identifier>pts/tiobench-1.2.0</Identifier>
    <Title>Threaded I/O Tester</Title>
    <AppVersion>0.3.3</AppVersion>
    <Arguments>-k2 -k1 -f 128 -t 32</Arguments>
    <Description>Test: Random Read - Size Per Thread: 128MB - Thread Count: 32</Description>
    <Scale>MB/s</Scale>
    <Proportion>HIB</Proportion>
    <DisplayFormat>BAR_GRAPH</DisplayFormat>
    <Data>
      <Entry>
        <Identifier>24 x Intel Core 2 Duo P9xxx (Penryn Class Core 2) -</Identifier>
        <Value>1927.84</Value>
        <RawString>1920.565:1925.714:1937.234</RawString>
      </Entry>
    </Data>
  </Result>
  <Result>
    <Identifier>pts/tiobench-1.2.0</Identifier>
    <Title>Threaded I/O Tester</Title>
    <AppVersion>0.3.3</AppVersion>
    <Arguments>-k2 -k1 -f 256 -t 16</Arguments>
    <Description>Test: Random Read - Size Per Thread: 256MB - Thread Count: 16</Description>
    <Scale>MB/s</Scale>
    <Proportion>HIB</Proportion>
    <DisplayFormat>BAR_GRAPH</DisplayFormat>
    <Data>
      <Entry>
        <Identifier>24 x Intel Core 2 Duo P9xxx (Penryn Class Core 2) -</Identifier>
        <Value>1873.29</Value>
        <RawString>1831.931:1857.797:1930.144</RawString>
      </Entry>
    </Data>
  </Result>
  <Result>
    <Identifier>pts/tiobench-1.2.0</Identifier>
    <Title>Threaded I/O Tester</Title>
    <AppVersion>0.3.3</AppVersion>
    <Arguments>-k2 -k1 -f 256 -t 32</Arguments>
    <Description>Test: Random Read - Size Per Thread: 256MB - Thread Count: 32</Description>
    <Scale>MB/s</Scale>
    <Proportion>HIB</Proportion>
    <DisplayFormat>BAR_GRAPH</DisplayFormat>
    <Data>
      <Entry>
        <Identifier>24 x Intel Core 2 Duo P9xxx (Penryn Class Core 2) -</Identifier>
        <Value>1505.67</Value>
        <RawString>1097.656:1706.764:1712.587</RawString>
      </Entry>
    </Data>
  </Result>
  <Result>
    <Identifier>pts/tiobench-1.2.0</Identifier>
    <Title>Threaded I/O Tester</Title>
    <AppVersion>0.3.3</AppVersion>
    <Arguments>-k3 -k2 -f 128 -t 4</Arguments>
    <Description>Test: Random Write - Size Per Thread: 128MB - Thread Count: 4</Description>
    <Scale>MB/s</Scale>
    <Proportion>HIB</Proportion>
    <DisplayFormat>BAR_GRAPH</DisplayFormat>
    <Data>
      <Entry>
        <Identifier>24 x Intel Core 2 Duo P9xxx (Penryn Class Core 2) -</Identifier>
        <Value>1.55</Value>
        <RawString>1.529:1.608:1.524</RawString>
      </Entry>
    </Data>
  </Result>
  <Result>
    <Identifier>pts/tiobench-1.2.0</Identifier>
    <Title>Threaded I/O Tester</Title>
    <AppVersion>0.3.3</AppVersion>
    <Arguments>-k3 -k2 -f 128 -t 8</Arguments>
    <Description>Test: Random Write - Size Per Thread: 128MB - Thread Count: 8</Description>
    <Scale>MB/s</Scale>
    <Proportion>HIB</Proportion>
    <DisplayFormat>BAR_GRAPH</DisplayFormat>
    <Data>
      <Entry>
        <Identifier>24 x Intel Core 2 Duo P9xxx (Penryn Class Core 2) -</Identifier>
        <Value>1.18</Value>
        <RawString>2.591:0.468:0.48</RawString>
      </Entry>
    </Data>
  </Result>
  <Result>
    <Identifier>pts/tiobench-1.2.0</Identifier>
    <Title>Threaded I/O Tester</Title>
    <AppVersion>0.3.3</AppVersion>
    <Arguments>-k3 -k2 -f 256 -t 4</Arguments>
    <Description>Test: Random Write - Size Per Thread: 256MB - Thread Count: 4</Description>
    <Scale>MB/s</Scale>
    <Proportion>HIB</Proportion>
    <DisplayFormat>BAR_GRAPH</DisplayFormat>
    <Data>
      <Entry>
        <Identifier>24 x Intel Core 2 Duo P9xxx (Penryn Class Core 2) -</Identifier>
        <Value>1.52</Value>
        <RawString>1.485:1.542:1.541</RawString>
      </Entry>
    </Data>
  </Result>
  <Result>
    <Identifier>pts/tiobench-1.2.0</Identifier>
    <Title>Threaded I/O Tester</Title>
    <AppVersion>0.3.3</AppVersion>
    <Arguments>-k3 -k2 -f 256 -t 8</Arguments>
    <Description>Test: Random Write - Size Per Thread: 256MB - Thread Count: 8</Description>
    <Scale>MB/s</Scale>
    <Proportion>HIB</Proportion>
    <DisplayFormat>BAR_GRAPH</DisplayFormat>
    <Data>
      <Entry>
        <Identifier>24 x Intel Core 2 Duo P9xxx (Penryn Class Core 2) -</Identifier>
        <Value>2.42</Value>
        <RawString>2.394:2.455:2.421</RawString>
      </Entry>
    </Data>
  </Result>
  <Result>
    <Identifier>pts/tiobench-1.2.0</Identifier>
    <Title>Threaded I/O Tester</Title>
    <AppVersion>0.3.3</AppVersion>
    <Arguments>-k3 -k2 -f 32 -t 16</Arguments>
    <Description>Test: Random Write - Size Per Thread: 32MB - Thread Count: 16</Description>
    <Scale>MB/s</Scale>
    <Proportion>HIB</Proportion>
    <DisplayFormat>BAR_GRAPH</DisplayFormat>
    <Data>
      <Entry>
        <Identifier>24 x Intel Core 2 Duo P9xxx (Penryn Class Core 2) -</Identifier>
        <Value>0.92</Value>
        <RawString>0.627:0.633:0.586:2.526:0.572:0.602</RawString>
      </Entry>
    </Data>
  </Result>
  <Result>
    <Identifier>pts/tiobench-1.2.0</Identifier>
    <Title>Threaded I/O Tester</Title>
    <AppVersion>0.3.3</AppVersion>
    <Arguments>-k3 -k2 -f 32 -t 32</Arguments>
    <Description>Test: Random Write - Size Per Thread: 32MB - Thread Count: 32</Description>
    <Scale>MB/s</Scale>
    <Proportion>HIB</Proportion>
    <DisplayFormat>BAR_GRAPH</DisplayFormat>
    <Data>
      <Entry>
        <Identifier>24 x Intel Core 2 Duo P9xxx (Penryn Class Core 2) -</Identifier>
        <Value>1.26</Value>
        <RawString>2.184:0.818:1.537:1.495:0.771:0.762</RawString>
      </Entry>
    </Data>
  </Result>
  <Result>
    <Identifier>pts/tiobench-1.2.0</Identifier>
    <Title>Threaded I/O Tester</Title>
    <AppVersion>0.3.3</AppVersion>
    <Arguments>-k3 -k2 -f 64 -t 16</Arguments>
    <Description>Test: Random Write - Size Per Thread: 64MB - Thread Count: 16</Description>
    <Scale>MB/s</Scale>
    <Proportion>HIB</Proportion>
    <DisplayFormat>BAR_GRAPH</DisplayFormat>
    <Data>
      <Entry>
        <Identifier>24 x Intel Core 2 Duo P9xxx (Penryn Class Core 2) -</Identifier>
        <Value>2.87</Value>
        <RawString>2.602:2.848:2.674:2.694:3.003:3.409</RawString>
      </Entry>
    </Data>
  </Result>
  <Result>
    <Identifier>pts/tiobench-1.2.0</Identifier>
    <Title>Threaded I/O Tester</Title>
    <AppVersion>0.3.3</AppVersion>
    <Arguments>-k3 -k2 -f 64 -t 32</Arguments>
    <Description>Test: Random Write - Size Per Thread: 64MB - Thread Count: 32</Description>
    <Scale>MB/s</Scale>
    <Proportion>HIB</Proportion>
    <DisplayFormat>BAR_GRAPH</DisplayFormat>
    <Data>
      <Entry>
        <Identifier>24 x Intel Core 2 Duo P9xxx (Penryn Class Core 2) -</Identifier>
        <Value>1.53</Value>
        <RawString>1.798:1.958:1.002:1.674:1.045:1.707</RawString>
      </Entry>
    </Data>
  </Result>
  <Result>
    <Identifier>pts/tiobench-1.2.0</Identifier>
    <Title>Threaded I/O Tester</Title>
    <AppVersion>0.3.3</AppVersion>
    <Arguments>-k3 -k2 -f 128 -t 16</Arguments>
    <Description>Test: Random Write - Size Per Thread: 128MB - Thread Count: 16</Description>
    <Scale>MB/s</Scale>
    <Proportion>HIB</Proportion>
    <DisplayFormat>BAR_GRAPH</DisplayFormat>
    <Data>
      <Entry>
        <Identifier>24 x Intel Core 2 Duo P9xxx (Penryn Class Core 2) -</Identifier>
        <Value>1.53</Value>
        <RawString>2.933:1.16:1.19:1.155:1.402:1.321</RawString>
      </Entry>
    </Data>
  </Result>
  <Result>
    <Identifier>pts/tiobench-1.2.0</Identifier>
    <Title>Threaded I/O Tester</Title>
    <AppVersion>0.3.3</AppVersion>
    <Arguments>-k3 -k2 -f 128 -t 32</Arguments>
    <Description>Test: Random Write - Size Per Thread: 128MB - Thread Count: 32</Description>
    <Scale>MB/s</Scale>
    <Proportion>HIB</Proportion>
    <DisplayFormat>BAR_GRAPH</DisplayFormat>
    <Data>
      <Entry>
        <Identifier>24 x Intel Core 2 Duo P9xxx (Penryn Class Core 2) -</Identifier>
        <Value>1.16</Value>
        <RawString>1.483:0.693:1.315</RawString>
      </Entry>
    </Data>
  </Result>
  <Result>
    <Identifier>pts/tiobench-1.2.0</Identifier>
    <Title>Threaded I/O Tester</Title>
    <AppVersion>0.3.3</AppVersion>
    <Arguments>-k3 -k2 -f 256 -t 16</Arguments>
    <Description>Test: Random Write - Size Per Thread: 256MB - Thread Count: 16</Description>
    <Scale>MB/s</Scale>
    <Proportion>HIB</Proportion>
    <DisplayFormat>BAR_GRAPH</DisplayFormat>
    <Data>
      <Entry>
        <Identifier>24 x Intel Core 2 Duo P9xxx (Penryn Class Core 2) -</Identifier>
        <Value>1.69</Value>
        <RawString>1.686:1.681:1.688</RawString>
      </Entry>
    </Data>
  </Result>
  <Result>
    <Identifier>pts/tiobench-1.2.0</Identifier>
    <Title>Threaded I/O Tester</Title>
    <AppVersion>0.3.3</AppVersion>
    <Arguments>-k3 -k2 -f 256 -t 32</Arguments>
    <Description>Test: Random Write - Size Per Thread: 256MB - Thread Count: 32</Description>
    <Scale>MB/s</Scale>
    <Proportion>HIB</Proportion>
    <DisplayFormat>BAR_GRAPH</DisplayFormat>
    <Data>
      <Entry>
        <Identifier>24 x Intel Core 2 Duo P9xxx (Penryn Class Core 2) -</Identifier>
        <Value>1.22</Value>
        <RawString>1.253:1.097:1.323</RawString>
      </Entry>
    </Data>
  </Result>
</PhoronixTestSuite>
